{"cameraMode":{"drawMode":0,"name":"Shaded","section":"Shading Mode"},"sceneLighting":false,"audioPlay":false,"sceneViewState":{"m_AlwaysRefresh":false,"showFog":true,"showSkybox":false,"showFlares":true,"showImageEffects":true,"showParticleSystems":true,"showVisualEffectGraphs":true,"m_FxEnabled":true},"in2DMode":false,"pivot":{"x":-0.07154345512390137,"y":0.6049057245254517,"z":2.0184426307678224},"rotation":{"x":-0.08533836156129837,"y":0.9106688499450684,"z":-0.23768958449363709,"w":-0.326960027217865},"size":1.8449147939682007,"orthographic":false}